{"m": [[[-0.07627455747169197, -0.00407012026007072, 0.03336434680219175, 0.0017705227624859512, 0.02405886295498694, 0.021145909708327654], [-0.018922290349144985, -0.0072342259385073555, 0.015138292627358472, 0.008844605747132571, 0.010958076325173441, -0.00878587447587612], [-0.018922178967033305, -0.007234776823617724, 0.015136586624592451, 0.008842099282709634, 0.01095742690498455, -0.00878812211651055], [-0.018922320409992473, -0.007234095973043022, 0.015136284399729577, 0.008841370718340838, 0.010957092849586132, -0.008785858941494293], [0.009600151795628275, -0.03827218138756426, 0.016775648342631642, -0.009993392084232841, 0.01758583106994093, 0.004289048644806089], [0.06797447619708201, 0.1711351996434881, -0.25116242002551276, 0.1984803933522533, -0.20584999218571232, 0.01940840355380912], [-0.07110926044751953, -0.030633241011036587, 0.03621302132487817, 0.024166302830505276, 0.026349180913719406, 0.015005339510947815], [-0.03211198750972302, -0.011061297488372515, 0.03541865489490417, -0.02875044015434392, 0.023842322436719555, 0.01264887929784679], [-0.07380733435078066, 0.022643700633792365, 0.03057441267830263, 0.03029445145916575, 0.025069675859817196, -0.03478138341395687], [-0.03322833016201459, 0.016297620542406212, 0.018574731354643544, 0.005255971504709378, 0.031873077972874385, -0.038777800651873646], [-0.5257272468214766, 0.23413246450368866, 0.13894020560553674, 0.2420086082140168, -0.17081567394478533, 0.0814511168580596], [-0.012053704046743677, -0.00018252881473274259, 0.0068049797884537945, -0.0062301995202372834, 0.005690774774335553, 0.005964914267425876], [-0.02533020064964405, -0.17917147977446476, 0.013324548147241516, 0.2102873486715007, -0.153375393444663, 0.13425915314152642], [0.10114515415485648, 0.020171769349840572, -0.04253229605243533, 0.1314151144973632, -0.28488755814496464, 0.07468454803449608], [-0.00873444962904516, -0.007625765720666805, 0.005403919574685065, -0.0012948478559193398, 0.006993409360566319, 0.0052562658225907945], [0.008025764300742564, 0.002484060271305903, 0.005575553738088548, 0.0058753594738449235, 0.0025673975048292525, -0.024558079410152877]], [-0.05678469222734562, -0.021698785836772375, 0.04542244274718115, 0.026525119144695405, 0.03288512705038239, -0.026349210878140954]], "v": [[[0.0003898061132812861, 0.00013737090529918373, 0.00015091936775454078, 0.00017059192364376764, 0.00014509456676677516, 6.163486411803697e-05], [3.6916771994268835e-05, 2.959948323074559e-05, 2.028561606009574e-05, 2.521296217898918e-05, 1.7502018086917817e-05, 1.7191756008859236e-05], [3.691664868021172e-05, 2.9599610991648798e-05, 2.0284381540397093e-05, 2.5212309329319922e-05, 1.7501597959070863e-05, 1.7192412676302846e-05], [3.69168052755307e-05, 2.9599453091514905e-05, 2.0284162856133294e-05, 2.5212119623330784e-05, 1.7501381857848114e-05, 1.7191751471259418e-05], [2.1708234845390286e-05, 0.0001608906629580808, 3.2338847091174076e-05, 0.00011107598768779055, 2.96928256300121e-05, 1.527476192120563e-05], [0.0004144210173022032, 0.0022180184922466523, 0.006257228201910429, 0.005415048951671264, 0.0037950082369586175, 0.00028919938324979547], [0.00036951806247456474, 0.0002542021027560955, 0.0001641827834446362, 0.0001630884594526234, 0.00014776373939094642, 5.696938859504345e-05], [7.823541977576077e-05, 6.158978801536995e-05, 4.9615816792316425e-05, 0.00016523487214389288, 3.278997578458847e-05, 1.5977799798898862e-05], [0.00038962951234881773, 9.023849745995608e-05, 0.0001537983960917042, 0.00010354119484389123, 0.0001371948388574435, 0.00015171610224813185], [0.00010105840043997483, 3.15829135652134e-05, 3.1920714571404366e-05, 4.9407313218859835e-05, 4.7673446027304394e-05, 0.0001141781230399973], [0.009705786484552016, 0.003095848564737168, 0.0011151555911708866, 0.005017454874033084, 0.002556516582070287, 0.0005906157460233562], [1.2932829040255704e-05, 5.917680358208919e-06, 5.223101679422104e-06, 1.2397590588519024e-05, 4.747204490900611e-06, 3.011568902001049e-06], [0.009089002166678245, 0.02199246286950402, 0.03924515275076839, 0.023879121228004386, 0.03782485767211531, 0.007106609538873346], [0.0010217188274977596, 0.0005538389294509176, 0.0015244378907566772, 0.00288268129262007, 0.004002896466906046, 0.0009165014199243889], [9.122771649177509e-06, 1.2299619903305348e-05, 4.809186395780904e-06, 1.0281832660491633e-05, 4.735446942788028e-06, 2.772888645044775e-06], [2.6661584196743814e-06, 1.02711113116965e-06, 1.8413676303036547e-06, 1.654036521418652e-06, 9.985583550323775e-07, 3.2108090512111306e-05]], [0.0003322872782213879, 0.0002663880921902447, 0.00018257825296599136, 0.0002269066949087076, 0.00015752716485012313, 0.00015471454975455397]], "t": 20}